Kota Asal,Kota Tujuan,Area Tujuan,Harga Publish,SLA
SURABAYA,JAKARTA,DKI JAKARTA,5000,2-4 HARI
SURABAYA,CILEGON,BANTEN,5300,2-4 HARI
SURABAYA,BALARAJA,BANTEN,5000,2-4 HARI
SURABAYA,PANDEGLANG,BANTEN,5300,2-4 HARI
SURABAYA,LEBAK,BANTEN,5300,2-4 HARI
SURABAYA,CIPUTAT,BANTEN,5000,2-4 HARI
SURABAYA,SERANG,BANTEN,5300,2-4 HARI
SURABAYA,TANGERANG,BANTEN,5000,2-4 HARI
SURABAYA,KAB.SERANG,BANTEN,5300,2-4 HARI
SURABAYA,KAB BANDUNG,JAWA BARAT,4800,1-3 HARI
SURABAYA,DEPOK,JAWA BARAT,5000,1-3 HARI
SURABAYA,CIREBON,JAWA BARAT,4800,1-3 HARI
SURABAYA,CIMAHI,JAWA BARAT,4800,1-3 HARI
SURABAYA,GARUT,JAWA BARAT,4800,1-3 HARI
SURABAYA,BANDUNG,JAWA BARAT,4300,1-3 HARI
SURABAYA,INDRAMAYU,JAWA BARAT,4800,1-3 HARI
SURABAYA,MAJALENGKA,JAWA BARAT,4800,1-3 HARI
SURABAYA,BOGOR,JAWA BARAT,5000,1-3 HARI
SURABAYA,BANDUNG BARAT,JAWA BARAT,4800,1-3 HARI
SURABAYA,BEKASI,JAWA BARAT,5000,1-3 HARI
SURABAYA,SUBANG,JAWA BARAT,4800,1-3 HARI
SURABAYA,KUNINGAN,JAWA BARAT,4800,1-3 HARI
SURABAYA,PANGANDARAN,JAWA BARAT,4800,1-3 HARI
SURABAYA,KAB SUKABUMI,JAWA BARAT,4800,1-3 HARI
SURABAYA,PURWAKARTA,JAWA BARAT,4800,1-3 HARI
SURABAYA,CIANJUR,JAWA BARAT,4800,1-3 HARI
SURABAYA,KARAWANG,JAWA BARAT,4800,1-3 HARI
SURABAYA,CIAMIS,JAWA BARAT,4800,1-3 HARI
SURABAYA,BANJAR,JAWA BARAT,4800,1-3 HARI
SURABAYA,KAB TASIKMALAYA,JAWA BARAT,4800,1-3 HARI
SURABAYA,CIKARANG,JAWA BARAT,5000,1-3 HARI
SURABAYA,CIBINONG,JAWA BARAT,5000,1-3 HARI
SURABAYA,TASIKMALAYA,JAWA BARAT,4800,1-3 HARI
SURABAYA,SUMEDANG,JAWA BARAT,4800,1-3 HARI
SURABAYA,KAB CIREBON,JAWA BARAT,4800,1-3 HARI
SURABAYA,SUKABUMI,JAWA BARAT,4800,1-3 HARI
SURABAYA,TAPANULI UTARA,SUMATERA UTARA,11500,7-9 HARI
SURABAYA,STABAT,SUMATERA UTARA,11300,7-9 HARI
SURABAYA,DAIRI,SUMATERA UTARA,11300,7-9 HARI
SURABAYA,GUNUNG SITOLI,SUMATERA UTARA,16000,7-9 HARI
SURABAYA,ASAHAN,SUMATERA UTARA,11500,7-9 HARI
SURABAYA,MEDAN,SUMATERA UTARA,9500,7-9 HARI
SURABAYA,LABUHAN BATU SELATAN,SUMATERA UTARA,11500,7-9 HARI
SURABAYA,LUBUK PAKAM,SUMATERA UTARA,11300,7-9 HARI
SURABAYA,BINJAI,SUMATERA UTARA,11300,7-9 HARI
SURABAYA,LANGKAT,SUMATERA UTARA,11300,7-9 HARI
SURABAYA,KARO,SUMATERA UTARA,11300,7-9 HARI
SURABAYA,SAMOSIR,SUMATERA UTARA,10500,7-9 HARI
SURABAYA,PADANG LAWAS,SUMATERA UTARA,11500,7-9 HARI
SURABAYA,TAPANULI TENGAH,SUMATERA UTARA,11500,7-9 HARI
SURABAYA,LABUAN BATU,SUMATERA UTARA,11500,7-9 HARI
SURABAYA,MANDAILING NATAL,SUMATERA UTARA,11500,7-9 HARI
SURABAYA,SERDANG BEDAGAI,SUMATERA UTARA,11300,7-9 HARI
SURABAYA,NIAS UTARA,SUMATERA UTARA,16000,7-9 HARI
SURABAYA,BATU BARA,SUMATERA UTARA,11500,7-9 HARI
SURABAYA,NIAS BARAT,SUMATERA UTARA,16000,7-9 HARI
SURABAYA,SIBOLGA,SUMATERA UTARA,11500,7-9 HARI
SURABAYA,PEMATANG SIANTAR,SUMATERA UTARA,11300,7-9 HARI
SURABAYA,PADANG LAWAS UTARA,SUMATERA UTARA,11500,7-9 HARI
SURABAYA,HUMBANG HASUNDUTAN,SUMATERA UTARA,11500,7-9 HARI
SURABAYA,DELI SERDANG,SUMATERA UTARA,11300,7-9 HARI
SURABAYA,SIMALUNGUN,SUMATERA UTARA,11300,7-9 HARI
SURABAYA,TANJUNG BALAI,SUMATERA UTARA,11500,7-9 HARI
SURABAYA,TOBA SAMOSIR,SUMATERA UTARA,11500,7-9 HARI
SURABAYA,TEBING TINGGI,SUMATERA UTARA,11300,7-9 HARI
SURABAYA,TAPANULI SELATAN,SUMATERA UTARA,11500,7-9 HARI
SURABAYA,SIPIROK,SUMATERA UTARA,11500,7-9 HARI
SURABAYA,NIAS SELATAN,SUMATERA UTARA,16000,7-9 HARI
SURABAYA,PAKPAK BHARAT,SUMATERA UTARA,11300,7-9 HARI
SURABAYA,LABUHAN BATU UTARA,SUMATERA UTARA,11500,7-9 HARI
SURABAYA,PURWOKERTO,JAWA TENGAH,3800,1-3 HARI
SURABAYA,DEMAK,JAWA TENGAH,3800,1-3 HARI
SURABAYA,AMBARAWA,JAWA TENGAH,3800,1-3 HARI
SURABAYA,GROBOGAN,JAWA TENGAH,3500,1-3 HARI
SURABAYA,MAGELANG,JAWA TENGAH,3800,1-3 HARI
SURABAYA,BLORA,JAWA TENGAH,3500,1-3 HARI
SURABAYA,BREBES,JAWA TENGAH,3800,1-3 HARI
SURABAYA,BOYOLALI,JAWA TENGAH,3800,1-3 HARI
SURABAYA,MUNGKID,JAWA TENGAH,3800,1-3 HARI
SURABAYA,KARANG ANYAR,JAWA TENGAH,3500,1-3 HARI
SURABAYA,KAJEN PEKALONGAN,JAWA TENGAH,3800,1-3 HARI
SURABAYA,JEPARA,JAWA TENGAH,3500,1-3 HARI
SURABAYA,KLATEN,JAWA TENGAH,3800,1-3 HARI
SURABAYA,KENDAL,JAWA TENGAH,3800,1-3 HARI
SURABAYA,KEBUMEN,JAWA TENGAH,3800,1-3 HARI
SURABAYA,KUDUS,JAWA TENGAH,3500,1-3 HARI
SURABAYA,PEMALANG,JAWA TENGAH,3800,1-3 HARI
SURABAYA,PATI,JAWA TENGAH,3500,1-3 HARI
SURABAYA,PURWOREJO,JAWA TENGAH,3800,1-3 HARI
SURABAYA,PURBALINGGA,JAWA TENGAH,3800,1-3 HARI
SURABAYA,PEKALONGAN,JAWA TENGAH,3800,1-3 HARI
SURABAYA,CILACAP,JAWA TENGAH,3800,1-3 HARI
SURABAYA,BANJARNEGARA,JAWA TENGAH,3800,1-3 HARI
SURABAYA,BLORA,JAWA TENGAH,3500,1-3 HARI
SURABAYA,BATANG,JAWA TENGAH,3800,1-3 HARI
SURABAYA,TEGAL,JAWA TENGAH,3800,1-3 HARI
SURABAYA,SRAGEN,JAWA TENGAH,3500,1-3 HARI
SURABAYA,SOLO,JAWA TENGAH,3800,1-3 HARI
SURABAYA,SLAWI,JAWA TENGAH,3800,1-3 HARI
SURABAYA,REMBANG,JAWA TENGAH,3500,1-3 HARI
SURABAYA,SALATIGA,JAWA TENGAH,3800,1-3 HARI
SURABAYA,UNGARAN,JAWA TENGAH,3800,1-3 HARI
SURABAYA,TEMANGGUNG,JAWA TENGAH,3800,1-3 HARI
SURABAYA,SEMARANG,JAWA TENGAH,3500,1-3 HARI
SURABAYA,SUKOHARJO,JAWA TENGAH,3800,1-3 HARI
SURABAYA,WONOSOBO,JAWA TENGAH,3800,1-3 HARI
SURABAYA,WONOGIRI,JAWA TENGAH,3800,1-3 HARI
SURABAYA,DHAMASRAYA,SUMATERA BARAT,10300,6-8 HARI
SURABAYA,BUKIT TINGGI,SUMATERA BARAT,10300,6-8 HARI
SURABAYA,PASAMAN BARAT,SUMATERA BARAT,10300,6-8 HARI
SURABAYA,PADANG PARIAMAN,SUMATERA BARAT,10300,6-8 HARI
SURABAYA,PESISIR SELATAN,SUMATERA BARAT,10300,6-8 HARI
SURABAYA,SOLOK SELATAN,SUMATERA BARAT,10300,6-8 HARI
SURABAYA,PASAMAN,SUMATERA BARAT,10300,6-8 HARI
SURABAYA,LIMAPULUH KOTA,SUMATERA BARAT,10300,6-8 HARI
SURABAYA,TANAH DATAR,SUMATERA BARAT,10300,6-8 HARI
SURABAYA,PAYAKUMBUH,SUMATERA BARAT,10300,6-8 HARI
SURABAYA,LUBUK BASUNG,SUMATERA BARAT,10300,6-8 HARI
SURABAYA,SIJUNJUNG,SUMATERA BARAT,10300,6-8 HARI
SURABAYA,SOLOK,SUMATERA BARAT,10300,6-8 HARI
SURABAYA,PADANG,SUMATERA BARAT,8500,6-8 HARI
SURABAYA,PADANG PANJANG,SUMATERA BARAT,10300,6-8 HARI
SURABAYA,AROSUKA,SUMATERA BARAT,10300,6-8 HARI
SURABAYA,SAWAH LUNTO,SUMATERA BARAT,10300,6-8 HARI
SURABAYA,PARIAMAN,SUMATERA BARAT,10300,6-8 HARI
SURABAYA,KUATAN SINGINGI,RIAU,10300,6-8 HARI
SURABAYA,DUMAI,RIAU,10300,6-8 HARI
SURABAYA,INDRAGIRI HULU,RIAU,10300,6-8 HARI
SURABAYA,INDRAGIRI HILIR,RIAU,10300,6-8 HARI
SURABAYA,BENGKALIS,RIAU,10300,6-8 HARI
SURABAYA,PELALAWAN,RIAU,10300,6-8 HARI
SURABAYA,PEKANBARU,RIAU,8500,6-8 HARI
SURABAYA,ROKAN HULU,RIAU,10300,6-8 HARI
SURABAYA,KAMPAR,RIAU,10300,6-8 HARI
SURABAYA,SIAK,RIAU,10300,6-8 HARI
SURABAYA,ROKAN HILIR,RIAU,10300,6-8 HARI
SURABAYA,KEPULAUAN MERANTI,RIAU,13000,6-8 HARI
SURABAYA,SEKAYU,SUMATERA SELATAN,9500,4-6 HARI
SURABAYA,EMPAT LAWANG,SUMATERA SELATAN,9500,4-6 HARI
SURABAYA,LAHAT,SUMATERA SELATAN,9500,4-6 HARI
SURABAYA,MUARA ENIM,SUMATERA SELATAN,9500,4-6 HARI
SURABAYA,MUARA DUA,SUMATERA SELATAN,9500,4-6 HARI
SURABAYA,KAYU AGUNG,SUMATERA SELATAN,9500,4-6 HARI
SURABAYA,PAGAR ALAM,SUMATERA SELATAN,9500,4-6 HARI
SURABAYA,BANYUASIN,SUMATERA SELATAN,9500,4-6 HARI
SURABAYA,MUSI RAWAS UTARA,SUMATERA SELATAN,9800,4-6 HARI
SURABAYA,MUSI RAWAS,SUMATERA SELATAN,9800,4-6 HARI
SURABAYA,PRABUMULIH,SUMATERA SELATAN,9500,4-6 HARI
SURABAYA,BATURAJA,SUMATERA SELATAN,9500,4-6 HARI
SURABAYA,OGAN ILIR,SUMATERA SELATAN,9500,4-6 HARI
SURABAYA,PALEMBANG,SUMATERA SELATAN,7500,4-6 HARI
SURABAYA,ENDE,NUSA TENGGARA TIMUR,18000,17-19 HARI
SURABAYA,BAJAWA,NUSA TENGGARA TIMUR,18000,17-19 HARI
SURABAYA,MBAY,NUSA TENGGARA TIMUR,18000,17-19 HARI
SURABAYA,MAUMERE,NUSA TENGGARA TIMUR,17000,17-19 HARI
SURABAYA,LABUAN BAJO,NUSA TENGGARA TIMUR,18000,17-19 HARI
SURABAYA,KUPANG,NUSA TENGGARA TIMUR,8500,17-19 HARI
SURABAYA,MALAKA,NUSA TENGGARA TIMUR,15000,17-19 HARI
SURABAYA,LARANTUKA,NUSA TENGGARA TIMUR,18000,17-19 HARI
SURABAYA,BELU,NUSA TENGGARA TIMUR,15000,17-19 HARI
SURABAYA,BORONG,NUSA TENGGARA TIMUR,18000,17-19 HARI
SURABAYA,KALABAHI,NUSA TENGGARA TIMUR,15000,17-19 HARI
SURABAYA,OELAMASI,NUSA TENGGARA TIMUR,15000,17-19 HARI
SURABAYA,RUTENG,NUSA TENGGARA TIMUR,18000,17-19 HARI
SURABAYA,LEWOLEBA,NUSA TENGGARA TIMUR,18000,17-19 HARI
SURABAYA,TIMOR TENGAH UTARA,NUSA TENGGARA TIMUR,15000,17-19 HARI
SURABAYA,BAA,NUSA TENGGARA TIMUR,15000,17-19 HARI
SURABAYA,SOE,NUSA TENGGARA TIMUR,15000,17-19 HARI
SURABAYA,SABU RAIJUA,NUSA TENGGARA TIMUR,15000,17-19 HARI
SURABAYA,TAMBOLAKA,NUSA TENGGARA TIMUR,15000,17-19 HARI
SURABAYA,WAIKABUBAK,NUSA TENGGARA TIMUR,15000,17-19 HARI
SURABAYA,WAIBAKUL,NUSA TENGGARA TIMUR,15000,17-19 HARI
SURABAYA,WAINGAPU,NUSA TENGGARA TIMUR,15000,17-19 HARI
SURABAYA,SINJAI,SULAWESI SELATAN,10500,11-13 HARI
SURABAYA,TAKALAR,SULAWESI SELATAN,10500,11-13 HARI
SURABAYA,SOPPENG,SULAWESI SELATAN,10500,11-13 HARI
SURABAYA,BONE,SULAWESI SELATAN,10500,11-13 HARI
SURABAYA,ENREKANG,SULAWESI SELATAN,10500,11-13 HARI
SURABAYA,MAKASSAR,SULAWESI SELATAN,8000,11-13 HARI
SURABAYA,LUWU,SULAWESI SELATAN,10500,11-13 HARI
SURABAYA,MALILI,SULAWESI SELATAN,10500,11-13 HARI
SURABAYA,PINRANG,SULAWESI SELATAN,10500,11-13 HARI
SURABAYA,WAJO,SULAWESI SELATAN,10500,11-13 HARI
SURABAYA,SIDENRENG RAPANG,SULAWESI SELATAN,10500,11-13 HARI
SURABAYA,PANGKAJENE,SULAWESI SELATAN,10500,11-13 HARI
SURABAYA,TORAJA UTARA,SULAWESI SELATAN,10500,11-13 HARI
SURABAYA,GOWA,SULAWESI SELATAN,10500,11-13 HARI
SURABAYA,MASAMBA,SULAWESI SELATAN,10500,11-13 HARI
SURABAYA,BULUKUMBA,SULAWESI SELATAN,10500,11-13 HARI
SURABAYA,BANTAENG,SULAWESI SELATAN,10500,11-13 HARI
SURABAYA,TANA TORAJA,SULAWESI SELATAN,10500,11-13 HARI
SURABAYA,MAROS,SULAWESI SELATAN,10500,11-13 HARI
SURABAYA,SELAYAR,SULAWESI SELATAN,10500,11-13 HARI
SURABAYA,BARRU,SULAWESI SELATAN,10500,11-13 HARI
SURABAYA,JENEPONTO,SULAWESI SELATAN,10500,11-13 HARI
SURABAYA,PALOPO,SULAWESI SELATAN,10500,11-13 HARI
SURABAYA,PARE PARE,SULAWESI SELATAN,10500,11-13 HARI
SURABAYA,SINGKIL,ACEH,15000,8-10 HARI
SURABAYA,TAKENGON,ACEH,15000,8-10 HARI
SURABAYA,ACEH SELATAN,ACEH,15000,8-10 HARI
SURABAYA,ACEH BARAT DAYA,ACEH,15000,8-10 HARI
SURABAYA,GAYO LUES,ACEH,15000,8-10 HARI
SURABAYA,BANDA ACEH,ACEH,13000,8-10 HARI
SURABAYA,MEUREUDU,ACEH,15000,8-10 HARI
SURABAYA,IDI RAYEUK,ACEH,15000,8-10 HARI
SURABAYA,LANGSA,ACEH,15000,8-10 HARI
SURABAYA,KUTACANE,ACEH,15000,8-10 HARI
SURABAYA,LHOKSUKON,ACEH,15000,8-10 HARI
SURABAYA,LHOKSEUMAWE,ACEH,15000,8-10 HARI
SURABAYA,NAGAN RAYA,ACEH,15000,8-10 HARI
SURABAYA,JANTHO,ACEH,15000,8-10 HARI
SURABAYA,KUALA SIMPANG,ACEH,15000,8-10 HARI
SURABAYA,SIGLI,ACEH,15000,8-10 HARI
SURABAYA,MEULABOH,ACEH,15000,8-10 HARI
SURABAYA,BIREUEN,ACEH,15000,8-10 HARI
SURABAYA,CALANG,ACEH,15000,8-10 HARI
SURABAYA,SINABANG,ACEH,18000,8-10 HARI
SURABAYA,SUBULUSSALAM,ACEH,15000,8-10 HARI
SURABAYA,SABANG,ACEH,18000,8-10 HARI
SURABAYA,SIMPANG TIGA REDELONG,ACEH,15000,8-10 HARI
SURABAYA,SUWAWA,GORONTALO,18000,14-16 HARI
SURABAYA,GORONTALO,GORONTALO,15500,14-16 HARI
SURABAYA,GORONTALO UTARA,GORONTALO,18000,14-16 HARI
SURABAYA,MARISA,GORONTALO,18000,14-16 HARI
SURABAYA,KAB.GORONTALO,GORONTALO,18000,14-16 HARI
SURABAYA,TILAMUTA,GORONTALO,18000,14-16 HARI
SURABAYA,SAREWIGADI,SULAWESI TENGGARA,14000,15-17 HARI
SURABAYA,KONAWE UTARA,SULAWESI TENGGARA,14000,15-17 HARI
SURABAYA,KONAWE,SULAWESI TENGGARA,14000,15-17 HARI
SURABAYA,TIRAWUTA,SULAWESI TENGGARA,14000,15-17 HARI
SURABAYA,BUTON UTARA,SULAWESI TENGGARA,14000,15-17 HARI
SURABAYA,LANGARA,SULAWESI TENGGARA,14000,15-17 HARI
SURABAYA,LABUNGKARI,SULAWESI TENGGARA,14000,15-17 HARI
SURABAYA,BOMBANA,SULAWESI TENGGARA,14000,15-17 HARI
SURABAYA,KONAWE SELATAN,SULAWESI TENGGARA,14000,15-17 HARI
SURABAYA,KOLAKA,SULAWESI TENGGARA,14000,15-17 HARI
SURABAYA,KENDARI,SULAWESI TENGGARA,12000,15-17 HARI
SURABAYA,BUTON,SULAWESI TENGGARA,14000,15-17 HARI
SURABAYA,MUNA,SULAWESI TENGGARA,14000,15-17 HARI
SURABAYA,KOLAKA UTARA,SULAWESI TENGGARA,14000,15-17 HARI
SURABAYA,BATAUGA,SULAWESI TENGGARA,14000,15-17 HARI
SURABAYA,BAU-BAU,SULAWESI TENGGARA,14000,15-17 HARI
SURABAYA,WAKATOBI,SULAWESI TENGGARA,14000,15-17 HARI
SURABAYA,TUAL,MALUKU,24000,14-16 HARI
SURABAYA,AMBON,MALUKU,21000,14-16 HARI
SURABAYA,BURU,MALUKU,24000,14-16 HARI
SURABAYA,BURU SELATAN,MALUKU,24000,14-16 HARI
SURABAYA,MALUKU BARAT DAYA,MALUKU,21000,14-16 HARI
SURABAYA,SERAM BAGIAN BARAT,MALUKU,24000,14-16 HARI
SURABAYA,MALUKU TENGAH,MALUKU,24000,14-16 HARI
SURABAYA,MALUKU TENGGARA,MALUKU,21000,14-16 HARI
SURABAYA,KEPULAUAN ARU,MALUKU,24000,14-16 HARI
SURABAYA,SERAM BAGIAN TIMUR,MALUKU,24000,14-16 HARI
SURABAYA,AMUNTAI,KALIMANTAN SELATAN,9800,8-10 HARI
SURABAYA,BALANGAN,KALIMANTAN SELATAN,9800,8-10 HARI
SURABAYA,HULU SUNGAI TENGAH,KALIMANTAN SELATAN,9800,8-10 HARI
SURABAYA,MARTAPURA,KALIMANTAN SELATAN,9800,8-10 HARI
SURABAYA,MARABAHAN,KALIMANTAN SELATAN,9800,8-10 HARI
SURABAYA,HULU SUNGAI SELATAN,KALIMANTAN SELATAN,9800,8-10 HARI
SURABAYA,KOTABARU,KALIMANTAN SELATAN,9800,8-10 HARI
SURABAYA,TANAH LAUT,KALIMANTAN SELATAN,9800,8-10 HARI
SURABAYA,RANTAU(BANJARMASIN),KALIMANTAN SELATAN,9800,8-10 HARI
SURABAYA,TANAH BUMBU,KALIMANTAN SELATAN,9800,8-10 HARI
SURABAYA,BANJARBARU,KALIMANTAN SELATAN,9800,8-10 HARI
SURABAYA,BANJARMASIN,KALIMANTAN SELATAN,7000,8-10 HARI
SURABAYA,TABALONG,KALIMANTAN SELATAN,9800,8-10 HARI
SURABAYA,BADUNG,BALI,5300,3-5 HARI
SURABAYA,BULELENG,BALI,5300,3-5 HARI
SURABAYA,KARANG ASEM,BALI,5300,3-5 HARI
SURABAYA,JEMBRANA,BALI,5300,3-5 HARI
SURABAYA,BANGLI,BALI,5300,3-5 HARI
SURABAYA,KLUNGKUNG,BALI,5300,3-5 HARI
SURABAYA,GIANYAR,BALI,5300,3-5 HARI
SURABAYA,DENPASAR,BALI,4800,3-5 HARI
SURABAYA,TABANAN,BALI,5300,3-5 HARI
SURABAYA,KUTAI TIMUR,KALIMANTAN TIMUR,10500,9-11 HARI
SURABAYA,BALIKPAPAN,KALIMANTAN TIMUR,7500,9-11 HARI
SURABAYA,MUARA BADAK,KALIMANTAN TIMUR,10500,9-11 HARI
SURABAYA,PENAJAM PASER UTARA,KALIMANTAN TIMUR,10500,9-11 HARI
SURABAYA,SENDAWAR,KALIMANTAN TIMUR,10500,9-11 HARI
SURABAYA,BONTANG,KALIMANTAN TIMUR,10500,9-11 HARI
SURABAYA,BERAU,KALIMANTAN TIMUR,18000,9-11 HARI
SURABAYA,SAMARINDA,KALIMANTAN TIMUR,10500,9-11 HARI
SURABAYA,PASER,KALIMANTAN TIMUR,10500,9-11 HARI
SURABAYA,TENGGARONG,KALIMANTAN TIMUR,10500,9-11 HARI
SURABAYA,LAMPUNG TIMUR,LAMPUNG,9000,4-6 HARI
SURABAYA,BANDAR LAMPUNG,LAMPUNG,7500,4-6 HARI
SURABAYA,METRO,LAMPUNG,9000,4-6 HARI
SURABAYA,LAMPUNG SELATAN,LAMPUNG,9000,4-6 HARI
SURABAYA,PRINGSEWU,LAMPUNG,9000,4-6 HARI
SURABAYA,WAY KANAN,LAMPUNG,8500,4-6 HARI
SURABAYA,LAMPUNG BARAT,LAMPUNG,9000,4-6 HARI
SURABAYA,MESUJI,LAMPUNG,9000,4-6 HARI
SURABAYA,TANGGAMUS,LAMPUNG,9000,4-6 HARI
SURABAYA,TULANG BAWANG,LAMPUNG,9000,4-6 HARI
SURABAYA,PESISIR BARAT,LAMPUNG,9000,4-6 HARI
SURABAYA,PESAWARAN,LAMPUNG,9000,4-6 HARI
SURABAYA,LAMPUNG UTARA,LAMPUNG,9000,4-6 HARI
SURABAYA,LAMPUNG TENGAH,LAMPUNG,9000,4-6 HARI
SURABAYA,TULANG BAWANG BARAT,LAMPUNG,9000,4-6 HARI
SURABAYA,HALMAHERA TENGAH,MALUKU UTARA,24000,14-16 HARI
SURABAYA,HALMAHERA SELATAN,MALUKU UTARA,24000,14-16 HARI
SURABAYA,HALMAHERA BARAT,MALUKU UTARA,27000,14-16 HARI
SURABAYA,HALMAHERA UTARA,MALUKU UTARA,24000,14-16 HARI
SURABAYA,KEPULAUAN TALIABU,MALUKU UTARA,24000,14-16 HARI
SURABAYA,SANANA,MALUKU UTARA,27000,14-16 HARI
SURABAYA,HALMAHERA TIMUR,MALUKU UTARA,26000,14-16 HARI
SURABAYA,PULAU MOROTAI,MALUKU UTARA,26000,14-16 HARI
SURABAYA,TIDORE,MALUKU UTARA,24000,14-16 HARI
SURABAYA,TERNATE,MALUKU UTARA,21000,14-16 HARI
SURABAYA,MINAHASA,SULAWESI UTARA,19000,16-18 HARI
SURABAYA,MONGONDOW SELATAN,SULAWESI UTARA,19000,16-18 HARI
SURABAYA,MINAHASA UTARA,SULAWESI UTARA,19000,16-18 HARI
SURABAYA,MINAHASA TENGGARA,SULAWESI UTARA,19000,16-18 HARI
SURABAYA,MINAHASA SELATAN,SULAWESI UTARA,19000,16-18 HARI
SURABAYA,BOLAANG MONGONDOW,SULAWESI UTARA,19000,16-18 HARI
SURABAYA,BITUNG,SULAWESI UTARA,19000,16-18 HARI
SURABAYA,KOTA MOBAGU,SULAWESI UTARA,19000,16-18 HARI
SURABAYA,KEPULAUAN SIAU,SULAWESI UTARA,19000,16-18 HARI
SURABAYA,KEPULAUAN TALAUD,SULAWESI UTARA,30000,16-18 HARI
SURABAYA,MANADO,SULAWESI UTARA,16500,16-18 HARI
SURABAYA,TAHUNA,SULAWESI UTARA,25000,16-18 HARI
SURABAYA,TOMOHON,SULAWESI UTARA,19000,16-18 HARI
SURABAYA,LINGGA,KEPULAUAN RIAU,34000,13-15 HARI
SURABAYA,BINTAN,KEPULAUAN RIAU,13500,13-15 HARI
SURABAYA,KARIMUN,KEPULAUAN RIAU,30000,13-15 HARI
SURABAYA,NATUNA,KEPULAUAN RIAU,13500,13-15 HARI
SURABAYA,BATAM,KEPULAUAN RIAU,10500,13-15 HARI
SURABAYA,TANJUNG PINANG,KEPULAUAN RIAU,13500,13-15 HARI
SURABAYA,ANAMBAS,KEPULAUAN RIAU,34000,13-15 HARI
SURABAYA,SUMBAWA BESAR,NUSA TENGGARA BARAT,7200,3-5 HARI
SURABAYA,KAB.BIMA,NUSA TENGGARA BARAT,7200,3-5 HARI
SURABAYA,LOMBOK UTARA,NUSA TENGGARA BARAT,7200,3-5 HARI
SURABAYA,LOMBOK,NUSA TENGGARA BARAT,7200,3-5 HARI
SURABAYA,BIMA,NUSA TENGGARA BARAT,7200,3-5 HARI
SURABAYA,LOMBOK BARAT,NUSA TENGGARA BARAT,7200,3-5 HARI
SURABAYA,DOMPU,NUSA TENGGARA BARAT,7200,3-5 HARI
SURABAYA,SUMBAWA BARAT,NUSA TENGGARA BARAT,7200,3-5 HARI
SURABAYA,SELONG,NUSA TENGGARA BARAT,7200,3-5 HARI
SURABAYA,MATARAM,NUSA TENGGARA BARAT,5500,3-5 HARI
SURABAYA,SELUMA,BENGKULU,9800,5-7 HARI
SURABAYA,LUBUK LINGGAU,BENGKULU,9800,5-7 HARI
SURABAYA,BENGKULU,BENGKULU,8000,5-7 HARI
SURABAYA,BENGKULU TENGAH,BENGKULU,9800,5-7 HARI
SURABAYA,MUKO-MUKO,BENGKULU,9800,5-7 HARI
SURABAYA,LEBONG,BENGKULU,9800,5-7 HARI
SURABAYA,KEPAHIANG,BENGKULU,9800,5-7 HARI
SURABAYA,MANNA,BENGKULU,9800,5-7 HARI
SURABAYA,KAUR,BENGKULU,9800,5-7 HARI
SURABAYA,REJANG LEBONG,BENGKULU,9800,5-7 HARI
SURABAYA,ARGAMAKMUR,BENGKULU,9800,5-7 HARI
SURABAYA,BULUNGAN,KALIMANTAN UTARA,19000,11-13 HARI
SURABAYA,MALINAU,KALIMANTAN UTARA,19000,11-13 HARI
SURABAYA,NUNUKAN,KALIMANTAN UTARA,19000,11-13 HARI
SURABAYA,TANA TIDUNG,KALIMANTAN UTARA,19000,11-13 HARI
SURABAYA,TARAKAN,KALIMANTAN UTARA,18000,11-13 HARI
SURABAYA,TUMBANG TITI,KALIMANTAN BARAT,14000,11-13 HARI
SURABAYA,KAYONG UTARA,KALIMANTAN BARAT,14000,11-13 HARI
SURABAYA,BENGKAYANG,KALIMANTAN BARAT,14000,11-13 HARI
SURABAYA,KETAPANG,KALIMANTAN BARAT,14000,11-13 HARI
SURABAYA,KAPUAS HULU,KALIMANTAN BARAT,14000,11-13 HARI
SURABAYA,NGABANG,KALIMANTAN BARAT,14000,11-13 HARI
SURABAYA,SAMBAS,KALIMANTAN BARAT,14000,11-13 HARI
SURABAYA,SANGGAU,KALIMANTAN BARAT,14000,11-13 HARI
SURABAYA,KUBURAYA,KALIMANTAN BARAT,14000,11-13 HARI
SURABAYA,MEMPAWAH,KALIMANTAN BARAT,14000,11-13 HARI
SURABAYA,MELAWI,KALIMANTAN BARAT,14000,11-13 HARI
SURABAYA,PONTIANAK,KALIMANTAN BARAT,11500,11-13 HARI
SURABAYA,SINGKAWANG,KALIMANTAN BARAT,14000,11-13 HARI
SURABAYA,SEKADAU,KALIMANTAN BARAT,14000,11-13 HARI
SURABAYA,SINTANG,KALIMANTAN BARAT,14000,11-13 HARI
SURABAYA,SIGI,SULAWESI TENGAH,14000,13-15 HARI
SURABAYA,MOROWALI UTARA,SULAWESI TENGAH,14000,13-15 HARI
SURABAYA,POSO,SULAWESI TENGAH,14000,13-15 HARI
SURABAYA,PALU,SULAWESI TENGAH,12000,13-15 HARI
SURABAYA,BANGGAI KEPULAUAN,SULAWESI TENGAH,14000,13-15 HARI
SURABAYA,PARIGI MOUTONG,SULAWESI TENGAH,14000,13-15 HARI
SURABAYA,DONGGALA,SULAWESI TENGAH,14000,13-15 HARI
SURABAYA,BANGGAI,SULAWESI TENGAH,14000,13-15 HARI
SURABAYA,BANGGAI LAUT,SULAWESI TENGAH,14000,13-15 HARI
SURABAYA,BUOL,SULAWESI TENGAH,14000,13-15 HARI
SURABAYA,MOROWALI,SULAWESI TENGAH,14000,13-15 HARI
SURABAYA,TOLI-TOLI,SULAWESI TENGAH,14000,13-15 HARI
SURABAYA,TOJO UNA-UNA,SULAWESI TENGAH,14000,13-15 HARI
SURABAYA,TOBADAK,SULAWESI BARAT,11500,11-13 HARI
SURABAYA,MAMUJU,SULAWESI BARAT,9500,11-13 HARI
SURABAYA,MAMASA,SULAWESI BARAT,11500,11-13 HARI
SURABAYA,PASANG KAYU,SULAWESI BARAT,11500,11-13 HARI
SURABAYA,POLEWALI,SULAWESI BARAT,11500,11-13 HARI
SURABAYA,MAJENE,SULAWESI BARAT,11500,11-13 HARI
SURABAYA,BELITUNG,BANGKA BELITUNG,16500,6-8 HARI
SURABAYA,BELITUNG TIMUR,BANGKA BELITUNG,16500,6-8 HARI
SURABAYA,BANGKA,BANGKA BELITUNG,13500,6-8 HARI
SURABAYA,BANGKA TENGAH,BANGKA BELITUNG,13500,6-8 HARI
SURABAYA,BANGKA BARAT,BANGKA BELITUNG,13500,6-8 HARI
SURABAYA,BANGKA SELATAN,BANGKA BELITUNG,13500,6-8 HARI
SURABAYA,PANGKAL PINANG,BANGKA BELITUNG,13500,6-8 HARI
SURABAYA,SAROLANGUN,JAMBI,9300,5-7 HARI
SURABAYA,MUARO JAMBI,JAMBI,9300,5-7 HARI
SURABAYA,KERINCI,JAMBI,9300,5-7 HARI
SURABAYA,JAMBI,JAMBI,7500,5-7 HARI
SURABAYA,TEBO,JAMBI,9300,5-7 HARI
SURABAYA,TANJUNG JABUNG TIMUR,JAMBI,9300,5-7 HARI
SURABAYA,TANJUNG JABUNG BARAT,JAMBI,9300,5-7 HARI
SURABAYA,MUARA BUNGO,JAMBI,9300,5-7 HARI
SURABAYA,BATANG HARI,JAMBI,9300,5-7 HARI
SURABAYA,BANGKO,JAMBI,9300,5-7 HARI
SURABAYA,SUNGAI PENUH,JAMBI,9300,5-7 HARI
SURABAYA,SUKAMARA,KALIMANTAN TENGAH,10000,9-11 HARI
SURABAYA,TAMIANG LAYANG,KALIMANTAN TENGAH,10000,9-11 HARI
SURABAYA,KUALA KURUN,KALIMANTAN TENGAH,10000,9-11 HARI
SURABAYA,KATINGAN,KALIMANTAN TENGAH,10000,9-11 HARI
SURABAYA,PALANGKARAYA,KALIMANTAN TENGAH,10000,9-11 HARI
SURABAYA,PANGKALANBUN,KALIMANTAN TENGAH,10000,9-11 HARI
SURABAYA,PULANG PISAU,KALIMANTAN TENGAH,10000,9-11 HARI
SURABAYA,MURUNG RAYA,KALIMANTAN TENGAH,10000,9-11 HARI
SURABAYA,MUARA TEWEH,KALIMANTAN TENGAH,10000,9-11 HARI
SURABAYA,LAMANDAU,KALIMANTAN TENGAH,10000,9-11 HARI
SURABAYA,KUALA PEMBUANG,KALIMANTAN TENGAH,10000,9-11 HARI
SURABAYA,KUALA KAPUAS,KALIMANTAN TENGAH,10000,9-11 HARI
SURABAYA,BUNTOK,KALIMANTAN TENGAH,10000,9-11 HARI
SURABAYA,KOTAWARINGIN TIMUR,KALIMANTAN TENGAH,8500,9-11 HARI
SURABAYA,SLEMAN,D.I. YOGYAKARTA,3800,1-3 HARI
SURABAYA,WONOSARI,D.I. YOGYAKARTA,3800,1-3 HARI
SURABAYA,KULON PROGO,D.I. YOGYAKARTA,3800,1-3 HARI
SURABAYA,BANTUL,D.I. YOGYAKARTA,3800,1-3 HARI
SURABAYA,YOGYAKARTA,D.I. YOGYAKARTA,3500,1-3 HARI
SURABAYA,SUMENEP,JAWA TIMUR,3000,1-3 HARI
SURABAYA,TUBAN,JAWA TIMUR,3200,1-3 HARI
SURABAYA,SAMPANG,JAWA TIMUR,3000,1-3 HARI
SURABAYA,GRESIK,JAWA TIMUR,3000,1-3 HARI
SURABAYA,MALANG,JAWA TIMUR,3000,1-3 HARI
SURABAYA,MAGETAN,JAWA TIMUR,3000,1-3 HARI
SURABAYA,MADIUN,JAWA TIMUR,3000,1-3 HARI
SURABAYA,LUMAJANG,JAWA TIMUR,3000,1-3 HARI
SURABAYA,BOJONEGORO,JAWA TIMUR,3200,1-3 HARI
SURABAYA,BLITAR,JAWA TIMUR,3000,1-3 HARI
SURABAYA,BONDOWOSO,JAWA TIMUR,3200,1-3 HARI
SURABAYA,KEDIRI,JAWA TIMUR,3000,1-3 HARI
SURABAYA,PASURUAN,JAWA TIMUR,3000,1-3 HARI
SURABAYA,PONOROGO,JAWA TIMUR,3000,1-3 HARI
SURABAYA,NGAWI,JAWA TIMUR,3000,1-3 HARI
SURABAYA,NGANJUK,JAWA TIMUR,3000,1-3 HARI
SURABAYA,NGASEM,JAWA TIMUR,3000,1-3 HARI
SURABAYA,SIDOARJO,JAWA TIMUR,3000,1-3 HARI
SURABAYA,PAMEKASAN,JAWA TIMUR,3000,1-3 HARI
SURABAYA,PACITAN,JAWA TIMUR,3000,1-3 HARI
SURABAYA,PANDAAN,JAWA TIMUR,3000,1-3 HARI
SURABAYA,SITUBONDO,JAWA TIMUR,3200,1-3 HARI
SURABAYA,CARUBAN,JAWA TIMUR,3000,1-3 HARI
SURABAYA,MOJOSARI,JAWA TIMUR,3000,1-3 HARI
SURABAYA,LAMONGAN,JAWA TIMUR,3200,1-3 HARI
SURABAYA,MOJOKERTO,JAWA TIMUR,3000,1-3 HARI
SURABAYA,PROBOLINGGO,JAWA TIMUR,3000,1-3 HARI
SURABAYA,BATU,JAWA TIMUR,3000,1-3 HARI
SURABAYA,JEMBER,JAWA TIMUR,3200,1-3 HARI
SURABAYA,JOMBANG,JAWA TIMUR,3000,1-3 HARI
SURABAYA,BANGKALAN,JAWA TIMUR,3000,1-3 HARI
SURABAYA,BANYUWANGI,JAWA TIMUR,3200,1-3 HARI
SURABAYA,TULUNG AGUNG,JAWA TIMUR,3000,1-3 HARI
SURABAYA,TRENGGALEK KOTA,JAWA TIMUR,3000,1-3 HARI
